PlayerID,PlayerCode,FirstName,WebName,Team,Position,CommentName,Price
1,37605,Mesut,Ozil,Arsenal,MID,Mesut Ozil,7.0
2,39476,Sokratis,Sokratis,Arsenal,DEF,Sokratis,5.0
3,41270,David,David Luiz,Arsenal,DEF,David Luiz,5.5
4,54694,Pierre-Emerick,Aubameyang,Arsenal,MID,Pierre-Emerick Aubameyang,12.0
5,58822,Cedric,Cedric,Arsenal,DEF,Cedric Soares,5.0
6,59966,Alexandre,Lacazette,Arsenal,FWD,Alexandre Lacazette,8.5
7,69140,Shkodran,Mustafi,Arsenal,DEF,Shkodran Mustafi,5.0
8,80201,Bernd,Leno,Arsenal,GKP,Bernd Leno,5.0
9,84450,Granit,Xhaka,Arsenal,MID,Granit Xhaka,5.5
10,92371,Pablo,Mari,Arsenal,DEF,Pablo Mari,4.5
11,98745,Hector,Bellerin,Arsenal,DEF,Hector Bellerin,5.0
12,98980,Emiliano,Martinez,Arsenal,GKP,Emiliano Martinez,4.5
13,101184,Calum,Chambers,Arsenal,DEF,Calum Chambers,4.5
14,111457,Sead,Kolasinac,Arsenal,DEF,Sead Kolasinac,5.0
15,154043,Ainsley,Maitland-Niles,Arsenal,DEF,Ainsley Maitland-Niles,5.0
16,156074,Rob,Holding,Arsenal,DEF,Rob Holding,4.5
17,192895,Kieran,Tierney,Arsenal,DEF,Kieran Tierney,5.5
18,195735,Nicolas,Pepe,Arsenal,MID,Nicolas Pepe,8.0
19,198849,Lucas,Torreira,Arsenal,MID,Lucas Torreira,5.0
20,200089,Joseph,Willock,Arsenal,MID,Joe Willock,5.0
21,200641,Reiss,Nelson,Arsenal,MID,Reiss Nelson,5.5
22,205533,Edward,Nketiah,Arsenal,FWD,Eddie Nketiah,6.0
23,209289,Emile,Smith Rowe,Arsenal,MID,Emile Smith Rowe,4.5
24,223340,Bukayo,Saka,Arsenal,MID,Bukayo Saka,5.5
25,242166,Matteo,Guendouzi,Arsenal,MID,Matteo Guendouzi,5.0
26,444145,Gabriel Teodoro,Martinelli,Arsenal,MID,Gabriel Martinelli,5.0
27,462424,William,Saliba,Arsenal,DEF,William Saliba,4.5
478,47431,Willian,Willian,Arsenal,MID,Willian,8.0
494,226597,Gabriel,Gabriel,Arsenal,DEF,Gabriel,5.0
28,21205,Tom,Heaton,Aston Villa,GKP,Tom Heaton,4.5
29,37339,Ahmed,El Mohamady,Aston Villa,DEF,Ahmed El Mohamady,4.5
30,40564,Henri,Lansbury,Aston Villa,MID,Henri Lansbury,4.5
31,47390,Neil,Taylor,Aston Villa,DEF,Neil Taylor,4.5
32,79852,Jed,Steer,Aston Villa,GKP,Jed Steer,4.0
33,85242,Conor,Hourihane,Aston Villa,MID,Conor Hourihane,6.0
34,89274,Jose Ignacio,Jota,Aston Villa,MID,Jota,6.0
35,98770,Ørjan,Nyland,Aston Villa,GKP,Ørjan Nyland,4.0
36,108156,Bjorn,Engels,Aston Villa,DEF,Bjorn Engels,4.5
37,114283,Jack,Grealish,Aston Villa,MID,Jack Grealish,7.0
38,122806,John,McGinn,Aston Villa,MID,John McGinn,5.5
39,123354,Kortney,Hause,Aston Villa,DEF,Kortney Hause,4.5
40,148508,Mahmoud Ahmed,Trezeguet,Aston Villa,MID,Trezeguet,5.5
41,149484,Tyrone,Mings,Aston Villa,DEF,Tyrone Mings,5.0
42,169359,Matt,Targett,Aston Villa,DEF,Matt Targett,4.5
43,184386,James,Bree,Aston Villa,DEF,James Bree,4.5
44,184704,Marvelous,Nakamba,Aston Villa,MID,Marvelous Nakamba,4.5
45,193488,Anwar,El Ghazi,Aston Villa,MID,Anwar El Ghazi,6.0
46,199798,Ezri,Konsa,Aston Villa,DEF,Ezri Konsa Ngoyo,4.5
47,203368,Frederic,Guilbert,Aston Villa,DEF,Frederic Guilbert,4.5
48,213345,Wesley,Wesley,Aston Villa,FWD,Wesley,6.0
49,217487,Mbwana,Samatta,Aston Villa,FWD,Mbwana Samatta,6.0
50,221239,Keinan,Davis,Aston Villa,FWD,Keinan Davis,4.5
51,223349,Indiana,Vassilev,Aston Villa,FWD,Indiana Vassilev,4.5
52,230046,Douglas Luiz,Douglas Luiz,Aston Villa,MID,Douglas Luiz,5.0
496,199796,Matthew,Cash,Aston Villa,DEF,Matthew Cash,5.0
53,20529,Glenn,Murray,Brighton and Hove Albion,FWD,Glenn Murray,5.0
54,39155,Adam,Lallana,Brighton and Hove Albion,MID,Adam Lallana,6.5
55,40845,Dale,Stephens,Brighton and Hove Albion,MID,Dale Stephens,4.5
56,50093,David,Button,Brighton and Hove Albion,GKP,David Button,4.0
57,60307,Pascal,Groß,Brighton and Hove Albion,MID,Pascal Groß,6.0
58,61933,Shane,Duffy,Brighton and Hove Albion,DEF,Shane Duffy,4.5
59,66242,Davy,Propper,Brighton and Hove Albion,MID,Davy Propper,5.0
60,74471,Aaron,Mooy,Brighton and Hove Albion,MID,Aaron Mooy,5.0
61,78916,Dan,Burn,Brighton and Hove Albion,DEF,Dan Burn,4.5
62,83299,Lewis,Dunk,Brighton and Hove Albion,DEF,Lewis Dunk,5.0
63,86153,Martin,Montoya,Brighton and Hove Albion,DEF,Martin Montoya,4.5
64,93284,Florin,Andone,Brighton and Hove Albion,FWD,Florin Andone,5.0
65,109345,Solomon,March,Brighton and Hove Albion,MID,Solly March,5.0
66,110735,Adam,Webster,Brighton and Hove Albion,DEF,Adam Webster,4.5
67,111478,Joel,Veltman,Brighton and Hove Albion,DEF,Joel Veltman,4.5
68,115382,Neal,Maupay,Brighton and Hove Albion,FWD,Neal Maupay,6.5
69,116216,Leandro,Trossard,Brighton and Hove Albion,MID,Leandro Trossard,6.0
70,131897,Mathew,Ryan,Brighton and Hove Albion,GKP,Mat Ryan,4.5
71,165210,Alireza,Jahanbakhsh,Brighton and Hove Albion,MID,Alireza Jahanbakhsh,5.5
72,167473,Jose,Izquierdo,Brighton and Hove Albion,MID,Jose Izquierdo,5.5
73,178173,Matthew,Clarke,Brighton and Hove Albion,DEF,Matthew Clarke,4.5
74,198869,Ben,White,Brighton and Hove Albion,DEF,Ben White,4.5
75,209362,Bernardo,Bernardo,Brighton and Hove Albion,DEF,Bernardo,4.0
76,227127,Yves,Bissouma,Brighton and Hove Albion,MID,Yves Bissouma,4.5
77,232792,Tariq,Lamptey,Brighton and Hove Albion,DEF,Tariq Lamptey,4.5
78,233425,Aaron,Connolly,Brighton and Hove Albion,FWD,Aaron Connolly,5.5
79,235382,Steven,Alzate,Brighton and Hove Albion,MID,Steven Alzate,4.5
80,243016,Alexis,Mac Allister,Brighton and Hove Albion,MID,Alexis Mac Allister,5.5
81,17761,James,Tarkowski,Burnley,DEF,James Tarkowski,5.5
82,17997,Phil,Bardsley,Burnley,DEF,Phil Bardsley,4.5
83,39487,Erik,Pieters,Burnley,DEF,Erik Pieters,4.5
84,40145,Jack,Cork,Burnley,MID,Jack Cork,5.0
85,41674,Kevin,Long,Burnley,DEF,Kevin Long,4.5
86,44683,Jay,Rodriguez,Burnley,FWD,Jay Rodriguez,6.0
87,44699,Ashley,Barnes,Burnley,FWD,Ashley Barnes,6.0
88,51927,Ben,Mee,Burnley,DEF,Ben Mee,5.0
89,60551,Ashley,Westwood,Burnley,MID,Ashley Westwood,5.5
90,60586,Johann Berg,Gudmundsson,Burnley,MID,Johann Gudmundsson,5.5
91,60689,Chris,Wood,Burnley,FWD,Chris Wood,6.5
92,68983,Matthew,Lowton,Burnley,DEF,Matthew Lowton,4.5
93,81183,Matej,Vydra,Burnley,FWD,Matej Vydra,5.0
94,83312,Ben,Gibson,Burnley,DEF,Ben Gibson,4.0
95,90517,Robbie,Brady,Burnley,MID,Robbie Brady,5.0
96,98747,Nick,Pope,Burnley,GKP,Nick Pope,5.5
97,103914,Charlie,Taylor,Burnley,DEF,Charlie Taylor,4.5
98,172782,Josh,Brownhill,Burnley,MID,Josh Brownhill,5.0
99,220037,Bailey,Peacock-Farrell,Burnley,GKP,Bailey Peacock-Farrell,4.0
100,433154,Dwight,McNeil,Burnley,MID,Dwight McNeil,6.0
101,20310,Willy,Caballero,Chelsea,GKP,Willy Caballero,5.0
102,41328,Cesar,Azpilicueta,Chelsea,DEF,Cesar Azpilicueta,6.0
103,44346,Olivier,Giroud,Chelsea,FWD,Olivier Giroud,7.0
104,82263,Marcos,Alonso,Chelsea,DEF,Marcos Alonso,6.0
105,85955,Jorge Luiz,Jorginho,Chelsea,MID,Jorginho,5.0
106,88894,Ross,Barkley,Chelsea,MID,Ross Barkley,6.0
107,91651,Mateo,Kovacic,Chelsea,MID,Mateo Kovacic,5.5
108,94245,Michy,Batshuayi,Chelsea,FWD,Michy Batshuayi,6.0
109,102380,Antonio,Rudiger,Chelsea,DEF,Antonio Rudiger,5.0
110,103192,Kurt,Zouma,Chelsea,DEF,Kurt Zouma,5.0
111,109533,Emerson,Emerson,Chelsea,DEF,Emerson,5.0
112,109745,Kepa,Arrizabalaga,Chelsea,GKP,Kepa Arrizabalaga,5.0
113,116594,N'Golo,Kante,Chelsea,MID,N'Golo Kante,5.0
114,124183,Hakim,Ziyech,Chelsea,MID,Hakim Ziyech,8.0
115,126187,Ruben,Loftus-Cheek,Chelsea,MID,Ruben Loftus-Cheek,6.0
116,135363,Andreas,Christensen,Chelsea,DEF,Andreas Christensen,5.0
117,165153,Timo,Werner,Chelsea,FWD,Timo Werner,9.5
118,173879,Tammy,Abraham,Chelsea,FWD,Tammy Abraham,7.5
119,176413,Christian,Pulisic,Chelsea,MID,Christian Pulisic,8.5
120,184341,Mason,Mount,Chelsea,MID,Mason Mount,7.0
121,194794,Fikayo,Tomori,Chelsea,DEF,Fikayo Tomori,5.0
122,209046,Callum,Hudson-Odoi,Chelsea,MID,Callum Hudson-Odoi,6.0
123,225796,Reece,James,Chelsea,DEF,Reece James,5.0
124,243568,Billy,Gilmour,Chelsea,MID,Billy Gilmour,4.5
232,172850,Benjamin,Chilwell,Chelsea,DEF,Ben Chilwell,5.5
490,51090,Thiago,Thiago Silva,Chelsea,DEF,Thiago Silva,5.5
125,19419,Gary,Cahill,Crystal Palace,DEF,Gary Cahill,4.5
126,20066,Wayne,Hennessey,Crystal Palace,GKP,Wayne Hennessey,4.5
127,40784,Mamadou,Sakho,Crystal Palace,DEF,Mamadou Sakho,4.5
128,40836,Vicente,Guaita,Crystal Palace,GKP,Vicente Guaita,5.0
129,49413,James,Tomkins,Crystal Palace,DEF,James Tomkins,4.5
130,50471,James,McArthur,Crystal Palace,MID,James McArthur,5.5
131,50472,James,McCarthy,Crystal Palace,MID,James McCarthy,4.5
132,54861,Christian,Benteke,Crystal Palace,FWD,Christian Benteke,5.5
133,55037,Cheikhou,Kouyate,Crystal Palace,MID,Cheikhou Kouyate,5.0
134,55494,Joel,Ward,Crystal Palace,DEF,Joel Ward,4.5
135,58786,Martin,Kelly,Crystal Palace,DEF,Martin Kelly,4.5
136,59125,Connor,Wickham,Crystal Palace,FWD,Connor Wickham,4.5
137,60252,Andros,Townsend,Crystal Palace,MID,Andros Townsend,6.0
138,66975,Luka,Milivojevic,Crystal Palace,MID,Luka Milivojevic,6.0
139,74230,Patrick,van Aanholt,Crystal Palace,DEF,Patrick van Aanholt,5.5
140,80146,Jordan,Ayew,Crystal Palace,FWD,Jordan Ayew,6.0
141,82403,Wilfried,Zaha,Crystal Palace,MID,Wilfried Zaha,7.0
142,86417,Jeffrey,Schlupp,Crystal Palace,MID,Jeffrey Schlupp,5.5
143,141020,Max,Meyer,Crystal Palace,MID,Max Meyer,5.0
144,173954,Jairo,Riedewald,Crystal Palace,MID,Jairo Riedewald,4.5
145,232423,Nathan,Ferguson,Crystal Palace,DEF,Nathan Ferguson,4.0
146,244723,Tyrick,Mitchell,Crystal Palace,DEF,Tyrick Mitchell,4.0
147,466955,Brandon,Pierrick,Crystal Palace,MID,Brandon Pierrick,4.5
486,19188,Scott,Dann,Crystal Palace,DEF,Scott Dann,4.5
489,232413,Eberechi,Eze,Crystal Palace,MID,Eberechi Eze,6.0
148,20467,Theo,Walcott,Everton,MID,Theo Walcott,6.0
149,41823,Fabian,Delph,Everton,MID,Fabian Delph,5.0
150,55422,Gylfi,Sigurdsson,Everton,MID,Gylfi Sigurdsson,7.0
151,57513,Jonas,Lossl,Everton,GKP,Jonas Lossl,4.5
152,59949,Seamus,Coleman,Everton,DEF,Seamus Coleman,5.0
153,66838,Cenk,Tosun,Everton,FWD,Cenk Tosun,6.0
154,100649,Bernard,Bernard,Everton,MID,Bernard,6.0
155,101188,Lucas,Digne,Everton,DEF,Lucas Digne,6.0
156,106611,Michael,Keane,Everton,DEF,Michael Keane,5.0
157,111234,Jordan,Pickford,Everton,GKP,Jordan Pickford,5.0
158,120250,Andre Filipe,Andre Gomes,Everton,MID,Andre Gomes,5.5
159,153133,Alex,Iwobi,Everton,MID,Alex Iwobi,6.0
160,153673,Jonjoe,Kenny,Everton,DEF,Jonjoe Kenny,4.5
161,160987,Jean-Philippe,Gbamin,Everton,MID,Jean-Philippe Gbamin,5.0
162,164511,Yerry,Mina,Everton,DEF,Yerry Mina,5.5
163,173807,Tom,Davies,Everton,MID,Tom Davies,5.5
164,177815,Dominic,Calvert-Lewin,Everton,FWD,Dominic Calvert-Lewin,7.0
165,194164,Mason,Holgate,Everton,DEF,Mason Holgate,5.0
166,212319,Richarlison,Richarlison,Everton,FWD,Richarlison,8.0
167,222627,Joao,Virginia,Everton,GKP,Joao Virginia,4.5
168,232826,Anthony,Gordon,Everton,MID,Anthony Gordon,4.5
169,242058,Moise,Kean,Everton,FWD,Moise Kean,6.0
170,480455,Jarrad,Branthwaite,Everton,DEF,Jarrad Branthwaite,4.0
171,40559,Fabricio,Fabri,Fulham,GKP,Fabricio Fabri,4.0
172,55038,Kevin,McDonald,Fulham,MID,Kevin McDonald,5.0
173,61739,Maxime,Le Marchand,Fulham,DEF,Maxime Le Marchand,4.5
174,61916,Stefan,Johansen,Fulham,MID,Stefan Johansen,5.0
175,76357,Tom,Cairney,Fulham,MID,Tom Cairney,5.5
176,82514,Tim,Ream,Fulham,DEF,Tim Ream,4.5
177,83543,Anthony,Knockaert,Fulham,MID,Anthony Knockaert,5.5
178,84915,Michael,Hector,Fulham,DEF,Michael Hector,4.5
179,87107,Cyrus,Christie,Fulham,DEF,Cyrus Christie,4.5
180,92259,Neeskens,Kebano,Fulham,MID,Neeskens Kebano,5.0
181,96994,Bobby,Decordova-Reid,Fulham,FWD,Bobby Decordova-Reid,5.5
182,101105,Joe,Bryan,Fulham,DEF,Joe Bryan,5.0
183,122074,Marcus,Bettinelli,Fulham,GKP,Marcus Bettinelli,4.5
184,128389,Aleksandar,Mitrovic,Fulham,FWD,Aleksandar Mitrovic,6.0
185,149266,Alfie,Mawson,Fulham,DEF,Alfie Mawson,4.5
186,155529,Marek,Rodak,Fulham,GKP,Marek Rodak,4.5
187,166324,Ivan Ricardo,Cavaleiro,Fulham,MID,Ivan Ricardo Cavaleiro,5.5
188,168765,Josh,Onomah,Fulham,MID,Josh Onomah,5.0
189,170271,Jean Michael,Seri,Fulham,MID,Jean Michael Seri,5.0
190,197030,Aboubakar,Kamara,Fulham,MID,Aboubakar Kamara,5.0
191,203325,Andre-Frank,Anguissa,Fulham,MID,Andre-Frank Anguissa,4.5
192,208998,Zeze Steven,Sessegnon,Fulham,DEF,Zeze Steven Sessegnon,4.5
373,153366,Harrison,Reed,Fulham,MID,Harrison Reed,4.5
484,169528,Antonee,Robinson,Fulham,DEF,Antonee Robinson,4.5
493,151086,Mario,Lemina,Fulham,MID,Mario Lemina,4.5
216,15033,Wes,Morgan,Leicester City,DEF,Wes Morgan,4.5
217,17745,Kasper,Schmeichel,Leicester City,GKP,Kasper Schmeichel,5.5
218,37402,Christian,Fuchs,Leicester City,DEF,Christian Fuchs,4.5
219,37642,Jonny,Evans,Leicester City,DEF,Jonny Evans,5.5
220,46483,Adrien,Silva,Leicester City,MID,Adrien Silva,4.5
221,51938,Marc,Albrighton,Leicester City,MID,Marc Albrighton,5.5
222,61604,Matty,James,Leicester City,MID,Matty James,4.5
223,95463,Danny,Ward,Leicester City,GKP,Danny Ward,4.5
224,101668,Jamie,Vardy,Leicester City,FWD,Jamie Vardy,10.0
225,106837,Dennis,Praet,Leicester City,MID,Dennis Praet,5.5
226,111931,Ricardo Domingos,Pereira,Leicester City,DEF,Ricardo Pereira,6.0
227,155569,Daniel,Amartey,Leicester City,DEF,Daniel Amartey,4.0
228,166989,Youri,Tielemans,Leicester City,MID,Youri Tielemans,6.5
229,168580,Ayoze,Perez,Leicester City,MID,Ayoze Perez,6.5
230,172632,Demarai,Gray,Leicester City,MID,Demarai Gray,5.5
231,172780,James,Maddison,Leicester City,MID,James Maddison,7.0
233,173515,Kelechi,Iheanacho,Leicester City,FWD,Kelechi Iheanacho,6.0
234,197469,Hamza,Choudhury,Leicester City,MID,Hamza Choudhury,5.0
235,201666,Harvey,Barnes,Leicester City,MID,Harvey Barnes,7.0
236,203341,Wilfred,Ndidi,Leicester City,MID,Wilfred Ndidi,5.0
237,213405,Filip,Benkovic,Leicester City,DEF,Filip Benkovic,4.5
238,218031,Caglar,Soyuncu,Leicester City,DEF,Caglar Soyuncu,5.5
239,220627,James,Justin,Leicester City,DEF,James Justin,4.5
240,244619,Luke,Thomas,Leicester City,DEF,Luke Thomas,4.5
498,166477,Timothy,Castagne,Leicester City,DEF,Timothy Castagne,5.5
193,28690,Pablo,Hernandez,Leeds United,MID,Pablo Hernandez,6.0
194,39790,Francisco,Casilla,Leeds United,GKP,Francisco Casilla,4.5
195,55914,Liam,Cooper,Leeds United,DEF,Liam Cooper,4.5
196,57913,Barry,Douglas,Leeds United,DEF,Barry Douglas,4.0
197,66588,Luke,Ayling,Leeds United,DEF,Luke Ayling,4.5
198,72222,Mateusz,Klich,Leeds United,MID,Mateusz Klich,5.5
199,80179,Adam,Forshaw,Leeds United,MID,Adam Forshaw,5.0
200,87873,Stuart,Dallas,Leeds United,DEF,Stuart Dallas,4.5
201,105377,Ezgjan,Alioski,Leeds United,DEF,Ezgjan Alioski,4.5
202,106617,Patrick,Bamford,Leeds United,FWD,Patrick Bamford,5.5
203,221399,Jack,Harrison,Leeds United,MID,Jack Harrison,5.5
204,155405,Kalvin,Phillips,Leeds United,MID,Kalvin Phillips,5.0
205,165808,Helder Wander,Costa,Leeds United,MID,Helder Wander Costa,5.5
206,173821,Tyler,Roberts,Leeds United,MID,Tyler Roberts,5.0
207,204642,Jay-Roy,Grot,Leeds United,MID,Jay-Roy Grot,5.0
208,214987,Kamil,Miazek,Leeds United,GKP,Kamil Miazek,4.0
209,215460,Ian Carlo,Poveda-Ocampo,Leeds United,MID,Ian Carlo Poveda-Ocampo,4.5
210,221610,Jamie,Shackleton,Leeds United,MID,Jamie Shackleton,5.0
211,222694,Pascal,Struijk,Leeds United,DEF,Pascal Struijk,4.0
212,434138,Jordan,Stevens,Leeds United,MID,Jordan Stevens,4.5
213,437495,Illan,Meslier,Leeds United,GKP,Illan Meslier,4.5
214,455084,Leif,Davis,Leeds United,DEF,Leif Davis,4.0
215,467114,Oliver,Casey,Leeds United,DEF,Oliver Casey,4.0
491,193645,Robin,Koch,Leeds United,DEF,Robin Koch,4.5
492,80954,Rodrigo,Rodrigo,Leeds United,FWD,Rodrigo,6.0
241,15157,James,Milner,Liverpool,MID,James Milner,5.5
242,214285,Konstantinos,Tsimikas,Liverpool,DEF,Konstantinos Tsimikas,5.0
243,41733,Georginio,Wijnaldum,Liverpool,MID,Georginio Wijnaldum,5.5
244,56979,Jordan,Henderson,Liverpool,MID,Jordan Henderson,5.5
245,60706,Adrian,Adrian,Liverpool,GKP,Adrian,4.5
246,60914,Joel,Matip,Liverpool,DEF,Joel Matip,5.5
247,68312,Xherdan,Shaqiri,Liverpool,MID,Xherdan Shaqiri,6.5
248,81880,Alex,Chamberlain,Liverpool,MID,Alex Oxlade-Chamberlain,6.5
249,92217,Roberto,Firmino,Liverpool,FWD,Roberto Firmino,9.5
250,97032,Virgil,van Dijk,Liverpool,DEF,Virgil van Dijk,6.5
251,110979,Sadio,Mane,Liverpool,MID,Sadio Mane,12.0
252,116535,Alisson,Alisson,Liverpool,GKP,Alisson,6.0
253,116643,Fabio Henrique,Fabinho,Liverpool,MID,Fabinho,5.5
254,118748,Mohamed,Salah,Liverpool,MID,Mohamed Salah,12.0
255,122798,Andrew,Robertson,Liverpool,DEF,Andrew Robertson,7.0
256,152760,Divock,Origi,Liverpool,FWD,Divock Origi,5.5
257,153682,Harry,Harry Wilson,Liverpool,MID,Harry Wilson,5.5
258,157882,Takumi,Minamino,Liverpool,MID,Takumi Minamino,6.5
259,169187,Trent,Alexander-Arnold,Liverpool,DEF,Trent Alexander-Arnold,7.5
260,171287,Joseph,Gomez,Liverpool,DEF,Joseph Gomez,5.5
261,175592,Naby,Keita,Liverpool,MID,Naby Keita,5.5
262,195473,Rhian,Brewster,Liverpool,FWD,Rhian Brewster,4.5
263,206915,Curtis,Jones,Liverpool,MID,Curtis Jones,4.5
264,215136,Neco,Williams,Liverpool,DEF,Neco Williams,4.0
265,444884,Harvey,Elliott,Liverpool,MID,Harvey Elliott,4.5
266,27789,Fernando,Fernandinho,Manchester City,DEF,Fernandinho,5.5
267,33148,Claudio,Bravo,Manchester City,GKP,Claudio Bravo,4.5
268,37572,Sergio,Aguero,Manchester City,FWD,Sergio Aguero,10.5
269,57410,Nicolas,Otamendi,Manchester City,DEF,Nicolas Otamendi,5.0
270,58621,Kyle,Walker,Manchester City,DEF,Kyle Walker,6.0
271,59859,Ilkay,Gundogan,Manchester City,MID,Ilkay Gundogan,5.5
272,61366,Kevin,De Bruyne,Manchester City,MID,Kevin De Bruyne,11.5
273,97299,John,Stones,Manchester City,DEF,John Stones,5.0
274,102826,Benjamin,Mendy,Manchester City,DEF,Benjamin Mendy,6.0
275,103025,Riyad,Mahrez,Manchester City,MID,Riyad Mahrez,8.5
276,103955,Raheem,Sterling,Manchester City,MID,Raheem Sterling,11.5
277,121145,Joao Pedro Cavaco,Cancelo,Manchester City,DEF,Joao Cancelo,5.5
278,121160,Ederson,Ederson,Manchester City,GKP,Ederson,6.0
279,126184,Nathan,Ake,Manchester City,DEF,Nathan Ake,5.5
280,146941,Aymeric,Laporte,Manchester City,DEF,Aymeric Laporte,6.0
281,165809,Bernardo Mota,Bernardo Silva,Manchester City,MID,Bernardo Silva,7.5
282,205651,Gabriel Fernando,Jesus,Manchester City,FWD,Gabriel Jesus,9.5
283,206325,Oleksandr,Zinchenko,Manchester City,DEF,Oleksandr Zinchenko,5.5
284,209244,Phil,Foden,Manchester City,MID,Phil Foden,6.5
285,220394,Tommy,Doyle,Manchester City,MID,Tommy Doyle,4.5
286,220566,Rodrigo,Rodrigo,Manchester City,MID,Rodrigo,5.5
287,224444,Ferran,Torres,Manchester City,MID,Ferran Torres,7.0
288,432656,Eric,Garcia,Manchester City,DEF,Eric Garcia,5.0
289,42899,Sergio,Romero,Manchester United,GKP,Sergio Romero,5.0
290,43670,Juan,Mata,Manchester United,MID,Juan Mata,6.0
291,51940,David,de Gea,Manchester United,GKP,David de Gea,5.5
292,55909,Chris,Smalling,Manchester United,DEF,Chris Smalling,5.0
293,58498,Odion,Ighalo,Manchester United,FWD,Odion Ighalo,6.5
294,58893,Marcos,Rojo,Manchester United,DEF,Marcos Rojo,5.0
295,62398,Nemanja,Matic,Manchester United,MID,Nemanja Matic,5.0
296,74208,Paul,Pogba,Manchester United,MID,Paul Pogba,8.0
297,76359,Phil,Jones,Manchester United,DEF,Phil Jones,5.0
298,95658,Harry,Maguire,Manchester United,DEF,Harry Maguire,5.5
299,101582,Frederico,Fred,Manchester United,MID,Fred,5.5
300,106760,Luke,Shaw,Manchester United,DEF,Luke Shaw,5.0
301,109322,Jesse,Lingard,Manchester United,MID,Jesse Lingard,6.0
302,141746,Bruno Miguel,Fernandes,Manchester United,MID,Bruno Fernandes,10.5
303,148225,Anthony,Martial,Manchester United,FWD,Anthony Martial,9.0
304,156689,Andreas,Pereira,Manchester United,MID,Andreas Pereira,5.0
305,172649,Dean,Henderson,Manchester United,GKP,Dean Henderson,5.5
306,176297,Marcus,Rashford,Manchester United,MID,Marcus Rashford,9.5
307,180804,Axel,Tuanzebe,Manchester United,DEF,Axel Tuanzebe,4.5
308,184667,Victor,Lindelof,Manchester United,DEF,Victor Lindelof,5.0
309,195851,Scott,McTominay,Manchester United,MID,Scott McTominay,5.0
310,197365,Eric,Bailly,Manchester United,DEF,Eric Bailly,5.0
311,200617,Daniel,James,Manchester United,MID,Daniel James,6.5
312,201084,Timothy,Fosu-Mensah,Manchester United,DEF,Timothy Fosu-Mensah,4.5
313,214590,Aaron,Wan-Bissaka,Manchester United,DEF,Aaron Wan-Bissaka,5.5
314,216051,Jose Diogo,Dalot,Manchester United,DEF,Diogo Dalot,5.0
315,220688,Mason,Greenwood,Manchester United,MID,Mason Greenwood,7.5
316,222677,Tahith,Chong,Manchester United,MID,Tahith Chong,4.5
317,232928,James,Garner,Manchester United,MID,James Garner,4.5
318,232937,Brandon,Williams,Manchester United,DEF,Brandon Williams,4.5
319,244856,Teden,Mengi,Manchester United,DEF,Teden Mengi,4.0
495,180184,Donny,van de Beek,Manchester United,MID,Donny van de Beek,7.0
320,40142,Andy,Carroll,Newcastle United,FWD,Andy Carroll,5.5
321,50232,Jonjo,Shelvey,Newcastle United,MID,Jonjo Shelvey,5.5
322,56983,Matt,Ritchie,Newcastle United,MID,Matt Ritchie,5.0
323,57145,Federico,Fernandez,Newcastle United,DEF,Federico Fernandez,5.0
324,58845,Ciaran,Clark,Newcastle United,DEF,Ciaran Clark,4.5
325,59735,Karl,Darlow,Newcastle United,GKP,Karl Darlow,5.0
326,67089,Martin,Dubravka,Newcastle United,GKP,Martin Dubravka,5.0
327,77359,Florian,Lejeune,Newcastle United,DEF,Florian Lejeune,4.5
328,101148,Jamaal,Lascelles,Newcastle United,DEF,Jamaal Lascelles,4.5
329,104547,Dwight,Gayle,Newcastle United,FWD,Dwight Gayle,6.0
330,104953,Christian,Atsu,Newcastle United,MID,Christian Atsu,5.5
331,106618,Paul,Dummett,Newcastle United,DEF,Paul Dummett,4.5
332,109528,Javier,Manquillo,Newcastle United,DEF,Javier Manquillo,4.5
333,111773,Emil,Krafth,Newcastle United,DEF,Emil Krafth,4.5
334,119471,Fabian,Schar,Newcastle United,DEF,Fabian Schar,5.0
335,151119,DeAndre,Yedlin,Newcastle United,DEF,DeAndre Yedlin,4.5
336,153127,Isaac,Hayden,Newcastle United,MID,Isaac Hayden,5.0
337,155513,Rolando,Aarons,Newcastle United,MID,Rolando Aarons,5.0
338,170137,Allan,Saint-Maximin,Newcastle United,MID,Allan Saint-Maximin,5.5
339,179018,Miguel,Almiron,Newcastle United,MID,Miguel Almiron,6.0
340,180974,Joelinton Cassio,Joelinton,Newcastle United,FWD,Joelinton,6.0
341,196118,Yoshinori,Muto,Newcastle United,FWD,Yoshinori Muto,5.0
342,232977,Kelland,Watts,Newcastle United,DEF,Kelland Watts,4.0
480,180135,Sean,Sean Longstaff,Newcastle United,MID,Sean Longstaff,5.0
485,83314,Jeff,Hendrick,Newcastle United,MID,Jeff Hendrick,5.0
487,223175,Matthew,Matty Longstaff,Newcastle United,MID,Matthew Matty Longstaff,5.0
488,81441,Mark,Gillespie,Newcastle United,GKP,Mark Gillespie,4.5
497,114243,Jacob,Murphy,Newcastle United,MID,Jacob Murphy,5.0
343,18867,Billy,Sharp,Sheffield United,FWD,Billy Sharp,6.0
344,27436,David,McGoldrick,Sheffield United,FWD,David McGoldrick,5.5
345,40386,Chris,Basham,Sheffield United,DEF,Chris Basham,5.0
346,47247,John,Fleck,Sheffield United,MID,John Fleck,6.0
347,63426,Enda,Stevens,Sheffield United,DEF,Enda Stevens,5.5
348,74854,Simon,Moore,Sheffield United,GKP,Simon Moore,4.5
349,79934,Oliver,Norwood,Sheffield United,MID,Oliver Norwood,5.0
350,82143,Wes,Foderingham,Sheffield United,GKP,Wes Foderingham,4.5
351,82691,George,Baldock,Sheffield United,DEF,George Baldock,5.5
352,83427,Jack,Jack Robinson,Sheffield United,DEF,Jack Robinson,4.5
353,108416,John,Egan,Sheffield United,DEF,John Egan,5.0
354,146610,Jack,O'Connell,Sheffield United,DEF,Jack O'Connell,5.0
355,153723,John,Lundstram,Sheffield United,MID,John Lundstram,5.5
356,167878,Ben,Osborn,Sheffield United,MID,Ben Osborn,5.0
357,169432,Oliver,McBurnie,Sheffield United,FWD,Oliver McBurnie,6.0
358,171975,Callum,Callum Robinson,Sheffield United,FWD,Callum Robinson,5.5
359,178304,Lys,Mousset,Sheffield United,FWD,Lys Mousset,6.0
360,207189,Sander,Berge,Sheffield United,MID,Sander Berge,5.0
477,49083,Luke,Freeman,Sheffield United,MID,Luke Freeman,5.0
483,225321,Aaron,Ramsdale,Sheffield United,GKP,Aaron Ramsdale,5.0
361,20452,Shane,Long,Southampton,FWD,Shane Long,5.5
362,40146,Ryan,Bertrand,Southampton,DEF,Ryan Bertrand,5.0
363,58376,Alex,McCarthy,Southampton,GKP,Alex McCarthy,4.5
364,78056,Oriol,Oriol Romeu,Southampton,MID,Oriol Romeu,4.5
365,83283,Nathan,Redmond,Southampton,MID,Nathan Redmond,6.5
366,84939,Danny,Ings,Southampton,FWD,Danny Ings,8.5
367,88900,Jack,Stephens,Southampton,DEF,Jack Stephens,5.0
368,91047,Stuart,Armstrong,Southampton,MID,Stuart Armstrong,5.5
369,93100,Jannik,Vestergaard,Southampton,DEF,Jannik Vestergaard,4.5
370,101178,James,Ward-Prowse,Southampton,MID,James Ward-Prowse,6.0
371,107265,Angus,Gunn,Southampton,GKP,Angus Gunn,4.5
372,128198,Sofiane,Boufal,Southampton,MID,Sofiane Boufal,5.5
374,153379,Josh,Sims,Southampton,MID,Josh Sims,4.5
375,158534,Kyle,Walker-Peters,Southampton,DEF,Kyle Walker-Peters,4.5
376,171771,Jan,Bednarek,Southampton,DEF,Jan Bednarek,4.5
377,200439,Che,Adams,Southampton,FWD,Che Adams,6.0
378,213482,Yan,Valery,Southampton,DEF,Yan Valery,5.0
379,214466,William,Smallbone,Southampton,MID,William Smallbone,4.5
380,214470,Jake,Vokins,Southampton,DEF,Jake Vokins,4.0
381,220598,Michael,Obafemi,Southampton,FWD,Michael Obafemi,5.0
382,431131,Moussa,Djenepo,Southampton,MID,Moussa Djenepo,5.5
479,450527,Mohammed,Salisu,Southampton,DEF,Mohammed Salisu,4.5
383,37915,Hugo,Lloris,Tottenham Hotspur,GKP,Hugo Lloris,5.5
384,38290,Danny,Rose,Tottenham Hotspur,DEF,Danny Rose,5.0
385,45268,Moussa,Sissoko,Tottenham Hotspur,MID,Moussa Sissoko,5.0
386,55605,Toby,Alderweireld,Tottenham Hotspur,DEF,Toby Alderweireld,5.5
387,62974,Erik,Lamela,Tottenham Hotspur,MID,Erik Lamela,6.0
388,78830,Harry,Kane,Tottenham Hotspur,FWD,Harry Kane,10.5
389,80226,Serge,Aurier,Tottenham Hotspur,DEF,Serge Aurier,5.5
390,85971,Heung-Min,Son,Tottenham Hotspur,MID,Son Heung-Min,9.0
391,93264,Eric,Dier,Tottenham Hotspur,DEF,Eric Dier,5.0
392,95715,Lucas,Lucas Moura,Tottenham Hotspur,MID,Lucas Moura,7.0
393,102884,Paulo,Gazzaniga,Tottenham Hotspur,GKP,Paulo Gazzaniga,4.5
394,108823,Bamidele,Alli,Tottenham Hotspur,MID,Dele Alli,8.0
395,115556,Ben,Davies,Tottenham Hotspur,DEF,Ben Davies,5.0
396,132015,Pierre-Emile,Højbjerg,Tottenham Hotspur,MID,Pierre-Emile Højbjerg,5.0
397,157668,Harry,Winks,Tottenham Hotspur,MID,Harry Winks,5.5
398,173904,Davinson,Sanchez,Tottenham Hotspur,DEF,Davinson Sanchez,5.5
399,184349,Ryan,Sessegnon,Tottenham Hotspur,DEF,Ryan Sessegnon,5.0
400,194252,Steven,Bergwijn,Tottenham Hotspur,MID,Steven Bergwijn,7.5
401,195774,Gedson,Fernandes,Tottenham Hotspur,MID,Gedson Fernandes,5.0
402,199584,Japhet,Tanganga,Tottenham Hotspur,DEF,Japhet Tanganga,5.0
403,200826,Giovani,Lo Celso,Tottenham Hotspur,MID,Giovani Lo Celso,7.0
404,209042,Oliver,Skipp,Tottenham Hotspur,MID,Oliver Skipp,4.5
405,231372,Tanguy,Ndombele,Tottenham Hotspur,MID,Tanguy Ndombele,6.0
406,234908,Juan,Foyth,Tottenham Hotspur,DEF,Juan Foyth,4.5
457,87835,Matt,Doherty,Tottenham Hotspur,DEF,Matt Doherty,6.0
482,15749,Joe,Hart,Tottenham Hotspur,GKP,Joe Hart,4.5
407,42427,Kieran,Gibbs,West Bromwich Albion,DEF,Kieran Gibbs,4.5
408,49440,Hal,Robson-Kanu,West Bromwich Albion,FWD,Hal Robson-Kanu,5.5
409,49944,Jake,Livermore,West Bromwich Albion,MID,Jake Livermore,5.0
410,49957,Kamil,Grosicki,West Bromwich Albion,MID,Kamil Grosicki,5.5
411,50229,Matt,Phillips,West Bromwich Albion,MID,Matt Phillips,5.5
412,59940,Kyle,Bartley,West Bromwich Albion,DEF,Kyle Bartley,4.5
413,61600,Romaine,Sawyers,West Bromwich Albion,MID,Romaine Sawyers,5.0
414,77777,Ahmed El-Sayed,Hegazi,West Bromwich Albion,DEF,Ahmed El-Sayed Hegazi,4.5
415,78356,Charlie,Austin,West Bromwich Albion,FWD,Charlie Austin,5.5
416,82078,Kenneth,Zohore,West Bromwich Albion,FWD,Kenneth Zohore,5.0
417,101982,Sam,Johnstone,West Bromwich Albion,GKP,Sam Johnstone,4.5
418,108053,Conor,Townsend,West Bromwich Albion,DEF,Conor Townsend,4.5
419,146426,Oluwasemilogo Adesewo Ibidapo,Ajayi,West Bromwich Albion,DEF,Oluwasemilogo Adesewo Ibidapo Ajayi,5.0
420,173809,Jonathan,Leko,West Bromwich Albion,MID,Jonathan Leko,4.5
421,174593,Kyle,Edwards,West Bromwich Albion,MID,Kyle Edwards,5.0
422,176420,Darnell,Furlong,West Bromwich Albion,DEF,Darnell Furlong,4.5
423,195864,Sam,Field,West Bromwich Albion,MID,Sam Field,5.0
424,197937,Oliver,Burke,West Bromwich Albion,MID,Oliver Burke,4.5
425,216616,Dara,O'Shea,West Bromwich Albion,DEF,Dara O'Shea,4.5
426,232427,Rekeem,Harper,West Bromwich Albion,MID,Rekeem Harper,4.5
481,210407,Matheus,Pereira,West Bromwich Albion,MID,Matheus Pereira,6.0
427,18073,Mark,Noble,West Ham United,MID,Mark Noble,5.0
428,18987,Robert,Snodgrass,West Ham United,MID,Robert Snodgrass,6.0
429,19194,David,Martin,West Ham United,GKP,David Martin,4.0
430,32259,Darren,Randolph,West Ham United,GKP,Darren Randolph,4.5
431,37096,Lukasz,Fabianski,West Ham United,GKP,Lukasz Fabianski,5.0
432,40669,Angelo,Ogbonna,West Ham United,DEF,Angelo Ogbonna,5.0
433,40694,Roberto,Roberto,West Ham United,GKP,Roberto Jimenez,4.5
434,54102,Jack,Wilshere,West Ham United,MID,Jack Wilshere,5.0
435,55459,Aaron,Cresswell,West Ham United,DEF,Aaron Cresswell,5.0
436,56377,Andriy,Yarmolenko,West Ham United,MID,Andriy Yarmolenko,6.0
437,57531,Michail,Antonio,West Ham United,FWD,Michail Antonio,6.5
438,81012,Ryan,Fredericks,West Ham United,DEF,Ryan Fredericks,4.5
439,86934,Manuel,Lanzini,West Ham United,MID,Manuel Lanzini,6.5
440,101537,Felipe Anderson,Felipe Anderson,West Ham United,MID,Felipe Anderson,6.5
441,103123,Sebastien,Haller,West Ham United,FWD,Sebastien Haller,6.5
442,105717,Arthur,Masuaku,West Ham United,DEF,Arthur Masuaku,4.5
443,166640,Fabian,Balbuena,West Ham United,DEF,Fabian Balbuena,4.5
444,167522,Jordan,Hugill,West Ham United,FWD,Jordan Hugill,5.5
445,178186,Jarrod,Bowen,West Ham United,MID,Jarrod Bowen,6.5
446,179830,Grady,Diangana,West Ham United,MID,Grady Diangana,5.5
447,181008,Albian,Ajeti,West Ham United,FWD,Albian Ajeti,5.5
448,204480,Declan,Rice,West Ham United,MID,Declan Rice,5.0
449,215439,Tomas,Soucek,West Ham United,MID,Tomas Soucek,5.0
450,217593,Pablo,Fornals,West Ham United,MID,Pablo Fornals,6.5
451,219924,Issa,Diop,West Ham United,DEF,Issa Diop,4.5
452,222018,Ben,Johnson,West Ham United,DEF,Ben Johnson,4.0
453,19236,John,Ruddy,Wolverhampton Wanderers,GKP,John Ruddy,4.5
454,19624,Joao Filipe Iria,Moutinho,Wolverhampton Wanderers,MID,Joao Moutinho,5.5
455,38533,Rui Pedro,Patricio,Wolverhampton Wanderers,GKP,Rui Patricio,5.5
456,41727,Ryan,Bennett,Wolverhampton Wanderers,DEF,Ryan Bennett,4.5
458,90585,Willy,Boly,Wolverhampton Wanderers,DEF,Willy Boly,5.5
459,94147,Conor,Coady,Wolverhampton Wanderers,DEF,Conor Coady,5.0
460,102057,Raul,Jimenez,Wolverhampton Wanderers,FWD,Raul Jimenez,8.5
461,107613,Romain,Saiss,Wolverhampton Wanderers,DEF,Romain Saiss,5.0
462,114128,Jonathan,Jonny,Wolverhampton Wanderers,DEF,Jonny,5.5
463,141569,Leo,Bonatini,Wolverhampton Wanderers,FWD,Leo Bonatini,5.0
464,151589,Leander,Dendoncker,Wolverhampton Wanderers,MID,Leander Dendoncker,5.0
465,159533,Adama,Traore,Wolverhampton Wanderers,MID,Adama Traore,6.5
466,171317,Ruben Diogo,Neves,Wolverhampton Wanderers,MID,Ruben Neves,5.5
467,179456,Oskar,Buur,Wolverhampton Wanderers,DEF,Oskar Buur,4.0
468,194634,Diogo,Jota,Wolverhampton Wanderers,MID,Diogo Jota,6.5
469,200600,Daniel,Podence,Wolverhampton Wanderers,MID,Daniel Podence,5.5
470,214048,Max,Kilman,Wolverhampton Wanderers,DEF,Maximilian Kilman,4.0
471,216054,Ruben Goncalo,Vinagre,Wolverhampton Wanderers,DEF,Ruben Vinagre,4.5
472,216208,Matija,Sarkic,Wolverhampton Wanderers,GKP,Matija Sarkic,4.5
473,222531,Morgan,Gibbs-White,Wolverhampton Wanderers,MID,Morgan Gibbs-White,5.0
474,247632,Pedro,Neto,Wolverhampton Wanderers,MID,Pedro Neto,5.5
475,428610,Bruno Andre,Jordao,Wolverhampton Wanderers,MID,Bruno Jordao,4.5
476,474003,Leonardo,Campana,Wolverhampton Wanderers,FWD,Leonardo Campana,5.0
